5e33SspGyrB,7e33SspGyrB,4e33SspGyrB,6e33SspGyrB,1e33SspGyrB,3e33SspGyrB,8e33SspGyrB,2e33SspGyrB,0e33SspGyrB
2.1403989476241714,0.796942009191934,0.032749022528706276,2.8066110331091547,2.2711011827340912,1.948985941780815,2.244864105276361,1.3547640364845162,14.945835930344442
2.011900573291822,3.091982003987173,143.30834574717377,3.0466726657748704,14.124852075494324,0.5385124438233655,0.9783063915198678,0.06573500292559364,1.383283759607548
6.63994767841423,14.068356937380065,56.476675714160855,27.712586391103574,423.26702202856757,7.466356899019372,16.134879061967126,0.24023586218972193,264.22806342673044
1.319072074101486,4.400621607069433,1.3812739720903668,2.859622188119368,12.424742818799478,4.530431626002445,6.975228353804843,0.8470796093189638,27.021917186042756
204.0375432369215,187.80211680579777,181.62504446744248,186.65824264928762,256.00384209316996,155.09365780208455,478.61821964650596,526.2947876194077,917.3865299046553
0.08343703381419844,0.07556159904601736,0.07241926958759667,0.07271578499288797,0.10710544590327159,0.05948796530311509,0.1228700659180819,0.21104079812202256,0.06504198259216512
65.32978696243012,36.842662078323485,6.736511130825278,30.049991646875398,79.85047790963378,22.215489192482828,8.299386853621622,2.506725222824978,2.016379579454846
